Datetime,Water Level (m)
2025-04-16 18:00:00,0.38234815
2025-04-16 19:00:00,0.5290983
2025-04-16 20:00:00,0.5127828
2025-04-16 21:00:00,0.31591183
2025-04-16 22:00:00,-0.0013317202
2025-04-16 23:00:00,-0.21951304
2025-04-17 00:00:00,-0.3795088
2025-04-17 01:00:00,-0.5023451
2025-04-17 02:00:00,-0.6184065
2025-04-17 03:00:00,-0.7042511
2025-04-17 04:00:00,-0.58207864
2025-04-17 05:00:00,-0.09195953
2025-04-17 06:00:00,0.29924318
2025-04-17 07:00:00,0.548147
2025-04-17 08:00:00,0.64554864
2025-04-17 09:00:00,0.58987105
2025-04-17 10:00:00,0.34220412
2025-04-17 11:00:00,0.047759
2025-04-17 12:00:00,-0.14427741
2025-04-17 13:00:00,-0.27650958
2025-04-17 14:00:00,-0.37100166
2025-04-17 15:00:00,-0.44572866
2025-04-17 16:00:00,-0.43757245
2025-04-17 17:00:00,-0.14983723
2025-04-17 18:00:00,0.22320926
2025-04-17 19:00:00,0.43247193
2025-04-17 20:00:00,0.4889651
2025-04-17 21:00:00,0.3782013
2025-04-17 22:00:00,0.098418176
2025-04-17 23:00:00,-0.15542795
2025-04-18 00:00:00,-0.3178947
2025-04-18 01:00:00,-0.4421794
2025-04-18 02:00:00,-0.5466125
2025-04-18 03:00:00,-0.62844473
2025-04-18 04:00:00,-0.6128198
2025-04-18 05:00:00,-0.27447015
2025-04-18 06:00:00,0.11828311
2025-04-18 07:00:00,0.40098333
2025-04-18 08:00:00,0.55674464
2025-04-18 09:00:00,0.60200757
2025-04-18 10:00:00,0.4911634
2025-04-18 11:00:00,0.22990108
2025-04-18 12:00:00,-0.013407254
2025-04-18 13:00:00,-0.16842945
2025-04-18 14:00:00,-0.261411
2025-04-18 15:00:00,-0.32917768
2025-04-18 16:00:00,-0.3596946
2025-04-18 17:00:00,-0.238371
2025-04-18 18:00:00,0.055630103
2025-04-18 19:00:00,0.2862255
2025-04-18 20:00:00,0.36178216
2025-04-18 21:00:00,0.3168383
2025-04-18 22:00:00,0.15398107
2025-04-18 23:00:00,-0.06326709
2025-04-19 00:00:00,-0.22370693
2025-04-19 01:00:00,-0.35844603
2025-04-19 02:00:00,-0.47316802
2025-04-19 03:00:00,-0.5626755
2025-04-19 04:00:00,-0.598607
2025-04-19 05:00:00,-0.44746774
2025-04-19 06:00:00,-0.086997226
2025-04-19 07:00:00,0.21256833
2025-04-19 08:00:00,0.42155507
2025-04-19 09:00:00,0.53783715
2025-04-19 10:00:00,0.5369334
2025-04-19 11:00:00,0.38375947
2025-04-19 12:00:00,0.13232994
2025-04-19 13:00:00,-0.05678079
2025-04-19 14:00:00,-0.17121446
2025-04-19 15:00:00,-0.23519374
2025-04-19 16:00:00,-0.27268976
2025-04-19 17:00:00,-0.2442275
2025-04-19 18:00:00,-0.08586848
2025-04-19 19:00:00,0.13765323
2025-04-19 20:00:00,0.29470482
2025-04-19 21:00:00,0.32888684
2025-04-19 22:00:00,0.27420947
2025-04-19 23:00:00,0.13899256
2025-04-20 00:00:00,-0.0539723
2025-04-20 01:00:00,-0.21440747
2025-04-20 02:00:00,-0.34472486
2025-04-20 03:00:00,-0.4466527
2025-04-20 04:00:00,-0.5142233
2025-04-20 05:00:00,-0.50301534
2025-04-20 06:00:00,-0.29043108
2025-04-20 07:00:00,-0.00046798016
2025-04-20 08:00:00,0.22388388
2025-04-20 09:00:00,0.37047452
2025-04-20 10:00:00,0.43847024
2025-04-20 11:00:00,0.43322867
2025-04-20 12:00:00,0.34946772
2025-04-20 13:00:00,0.19063368
2025-04-20 14:00:00,0.023750335
2025-04-20 15:00:00,-0.10002506
2025-04-20 16:00:00,-0.1855745
2025-04-20 17:00:00,-0.24306333
2025-04-20 18:00:00,-0.25264025
2025-04-20 19:00:00,-0.14008845
2025-04-20 20:00:00,0.06254671
2025-04-20 21:00:00,0.21836488
2025-04-20 22:00:00,0.27394167
2025-04-20 23:00:00,0.25476107
2025-04-21 00:00:00,0.17490047
2025-04-21 01:00:00,0.023632959
2025-04-21 02:00:00,-0.13179627
2025-04-21 03:00:00,-0.26029927
2025-04-21 04:00:00,-0.35663608
2025-04-21 05:00:00,-0.4183322
2025-04-21 06:00:00,-0.4117255
2025-04-21 07:00:00,-0.24922873
2025-04-21 08:00:00,-0.0028228604
2025-04-21 09:00:00,0.19936119
2025-04-21 10:00:00,0.34472904
2025-04-21 11:00:00,0.42991453
2025-04-21 12:00:00,0.45862266
2025-04-21 13:00:00,0.41650748
2025-04-21 14:00:00,0.29155594
2025-04-21 15:00:00,0.11241534
2025-04-21 16:00:00,-0.0317703
2025-04-21 17:00:00,-0.13244244
2025-04-21 18:00:00,-0.2042036
2025-04-21 19:00:00,-0.23892812
2025-04-21 20:00:00,-0.20172112
2025-04-21 21:00:00,-0.06585056
2025-04-21 22:00:00,0.10222994
2025-04-21 23:00:00,0.2084171
2025-04-22 00:00:00,0.24505782
2025-04-22 01:00:00,0.22243409
2025-04-22 02:00:00,0.14882183
2025-04-22 03:00:00,0.02073468
2025-04-22 04:00:00,-0.1270241
2025-04-22 05:00:00,-0.25925857
2025-04-22 06:00:00,-0.35617897
2025-04-22 07:00:00,-0.4021854
2025-04-22 08:00:00,-0.35119456
2025-04-22 09:00:00,-0.13236256
2025-04-22 10:00:00,0.1193793
2025-04-22 11:00:00,0.3293395
2025-04-22 12:00:00,0.4817479
2025-04-22 13:00:00,0.5567612
2025-04-22 14:00:00,0.5441237
2025-04-22 15:00:00,0.43898585
2025-04-22 16:00:00,0.24561223
2025-04-22 17:00:00,0.05704014
2025-04-22 18:00:00,-0.08654646
